filename,dgemm_file,platform_id,matrix_size,proc_p,proc_q,nb_nodes,nb_removed_nodes,time,gflops
synthetic_model/7/nancy_2020-07-01_2633864.zip,dgemm_synthetic_shrinked-11_heterogeneous_id-9.yaml,9,300000,5,49,245,11,151.1,119100.0
synthetic_model/7/nancy_2020-07-01_2633864.zip,dgemm_synthetic_shrinked-11_heterogeneous_id-9.yaml,9,500000,5,49,245,11,575.23,144900.0
synthetic_model/7/nancy_2020-07-01_2633864.zip,dgemm_synthetic_shrinked-11_heterogeneous_id-9.yaml,9,100000,5,49,245,11,12.05,55330.0
synthetic_model/7/nancy_2020-07-01_2633864.zip,dgemm_synthetic_shrinked-11_heterogeneous_id-9.yaml,9,200000,5,49,245,11,55.49,96120.0
synthetic_model/7/nancy_2020-07-01_2633864.zip,dgemm_synthetic_shrinked-11_heterogeneous_id-9.yaml,9,400000,5,49,245,11,318.62,133900.0
synthetic_model/7/nancy_2020-07-01_2633801.zip,dgemm_synthetic_heterogeneous_id-3.yaml,3,300000,4,64,256,0,158.59,113500.0
synthetic_model/7/nancy_2020-07-01_2633801.zip,dgemm_synthetic_heterogeneous_id-3.yaml,3,500000,4,64,256,0,608.74,136900.0
synthetic_model/7/nancy_2020-07-01_2633801.zip,dgemm_synthetic_heterogeneous_id-3.yaml,3,100000,4,64,256,0,12.71,52470.0
synthetic_model/7/nancy_2020-07-01_2633801.zip,dgemm_synthetic_heterogeneous_id-3.yaml,3,200000,4,64,256,0,54.2,98410.0
synthetic_model/7/nancy_2020-07-01_2633801.zip,dgemm_synthetic_heterogeneous_id-3.yaml,3,400000,4,64,256,0,333.29,128000.0
synthetic_model/7/nancy_2020-07-01_2633802.zip,dgemm_synthetic_heterogeneous_id-4.yaml,4,300000,4,64,256,0,156.5,115000.0
synthetic_model/7/nancy_2020-07-01_2633802.zip,dgemm_synthetic_heterogeneous_id-4.yaml,4,500000,4,64,256,0,612.57,136000.0
synthetic_model/7/nancy_2020-07-01_2633802.zip,dgemm_synthetic_heterogeneous_id-4.yaml,4,100000,4,64,256,0,12.68,52580.0
synthetic_model/7/nancy_2020-07-01_2633802.zip,dgemm_synthetic_heterogeneous_id-4.yaml,4,200000,4,64,256,0,54.16,98480.0
synthetic_model/7/nancy_2020-07-01_2633802.zip,dgemm_synthetic_heterogeneous_id-4.yaml,4,400000,4,64,256,0,329.41,129500.0
synthetic_model/7/nancy_2020-07-01_2633910.zip,dgemm_synthetic_shrinked-16_heterogeneous_id-3.yaml,3,300000,4,60,240,16,158.99,113200.0
synthetic_model/7/nancy_2020-07-01_2633910.zip,dgemm_synthetic_shrinked-16_heterogeneous_id-3.yaml,3,500000,4,60,240,16,615.51,135400.0
synthetic_model/7/nancy_2020-07-01_2633910.zip,dgemm_synthetic_shrinked-16_heterogeneous_id-3.yaml,3,100000,4,60,240,16,12.79,52130.0
synthetic_model/7/nancy_2020-07-01_2633910.zip,dgemm_synthetic_shrinked-16_heterogeneous_id-3.yaml,3,200000,4,60,240,16,55.0,96980.0
synthetic_model/7/nancy_2020-07-01_2633910.zip,dgemm_synthetic_shrinked-16_heterogeneous_id-3.yaml,3,400000,4,60,240,16,334.44,127600.0
synthetic_model/7/nancy_2020-07-01_2633822.zip,dgemm_synthetic_shrinked-4_heterogeneous_id-1.yaml,1,300000,4,63,252,4,158.64,113500.0
synthetic_model/7/nancy_2020-07-01_2633822.zip,dgemm_synthetic_shrinked-4_heterogeneous_id-1.yaml,1,500000,4,63,252,4,617.32,135000.0
synthetic_model/7/nancy_2020-07-01_2633822.zip,dgemm_synthetic_shrinked-4_heterogeneous_id-1.yaml,1,100000,4,63,252,4,12.78,52180.0
synthetic_model/7/nancy_2020-07-01_2633822.zip,dgemm_synthetic_shrinked-4_heterogeneous_id-1.yaml,1,200000,4,63,252,4,54.78,97370.0
synthetic_model/7/nancy_2020-07-01_2633822.zip,dgemm_synthetic_shrinked-4_heterogeneous_id-1.yaml,1,400000,4,63,252,4,342.2,124700.0
synthetic_model/7/nancy_2020-07-01_2633863.zip,dgemm_synthetic_shrinked-11_heterogeneous_id-8.yaml,8,300000,5,49,245,11,153.37,117400.0
synthetic_model/7/nancy_2020-07-01_2633863.zip,dgemm_synthetic_shrinked-11_heterogeneous_id-8.yaml,8,500000,5,49,245,11,592.32,140700.0
synthetic_model/7/nancy_2020-07-01_2633863.zip,dgemm_synthetic_shrinked-11_heterogeneous_id-8.yaml,8,100000,5,49,245,11,12.18,54740.0
synthetic_model/7/nancy_2020-07-01_2633863.zip,dgemm_synthetic_shrinked-11_heterogeneous_id-8.yaml,8,200000,5,49,245,11,56.29,94750.0
synthetic_model/7/nancy_2020-07-01_2633863.zip,dgemm_synthetic_shrinked-11_heterogeneous_id-8.yaml,8,400000,5,49,245,11,324.31,131600.0
synthetic_model/7/nancy_2020-07-01_2633905.zip,dgemm_synthetic_shrinked-8_heterogeneous_id-4.yaml,4,300000,4,62,248,8,154.25,116700.0
synthetic_model/7/nancy_2020-07-01_2633905.zip,dgemm_synthetic_shrinked-8_heterogeneous_id-4.yaml,4,500000,4,62,248,8,589.82,141300.0
synthetic_model/7/nancy_2020-07-01_2633905.zip,dgemm_synthetic_shrinked-8_heterogeneous_id-4.yaml,4,100000,4,62,248,8,12.66,52660.0
synthetic_model/7/nancy_2020-07-01_2633905.zip,dgemm_synthetic_shrinked-8_heterogeneous_id-4.yaml,4,200000,4,62,248,8,53.51,99660.0
synthetic_model/7/nancy_2020-07-01_2633905.zip,dgemm_synthetic_shrinked-8_heterogeneous_id-4.yaml,4,400000,4,62,248,8,326.38,130700.0
synthetic_model/7/nancy_2020-07-01_2634256.zip,dgemm_synthetic_shrinked-12_heterogeneous_id-9.yaml,9,300000,4,61,244,12,154.65,116400.0
synthetic_model/7/nancy_2020-07-01_2634256.zip,dgemm_synthetic_shrinked-12_heterogeneous_id-9.yaml,9,500000,4,61,244,12,582.63,143000.0
synthetic_model/7/nancy_2020-07-01_2634256.zip,dgemm_synthetic_shrinked-12_heterogeneous_id-9.yaml,9,100000,4,61,244,12,12.62,52810.0
synthetic_model/7/nancy_2020-07-01_2634256.zip,dgemm_synthetic_shrinked-12_heterogeneous_id-9.yaml,9,200000,4,61,244,12,53.47,99750.0
synthetic_model/7/nancy_2020-07-01_2634256.zip,dgemm_synthetic_shrinked-12_heterogeneous_id-9.yaml,9,400000,4,61,244,12,322.99,132100.0
synthetic_model/7/nancy_2020-07-01_2633818.zip,dgemm_synthetic_shrinked-1_heterogeneous_id-9.yaml,9,300000,5,51,255,1,152.89,117700.0
synthetic_model/7/nancy_2020-07-01_2633818.zip,dgemm_synthetic_shrinked-1_heterogeneous_id-9.yaml,9,500000,5,51,255,1,584.91,142500.0
synthetic_model/7/nancy_2020-07-01_2633818.zip,dgemm_synthetic_shrinked-1_heterogeneous_id-9.yaml,9,100000,5,51,255,1,12.2,54650.0
synthetic_model/7/nancy_2020-07-01_2633818.zip,dgemm_synthetic_shrinked-1_heterogeneous_id-9.yaml,9,200000,5,51,255,1,55.29,96460.0
synthetic_model/7/nancy_2020-07-01_2633818.zip,dgemm_synthetic_shrinked-1_heterogeneous_id-9.yaml,9,400000,5,51,255,1,325.97,130900.0
synthetic_model/7/nancy_2020-07-01_2633826.zip,dgemm_synthetic_shrinked-4_heterogeneous_id-4.yaml,4,300000,4,63,252,4,156.51,115000.0
synthetic_model/7/nancy_2020-07-01_2633826.zip,dgemm_synthetic_shrinked-4_heterogeneous_id-4.yaml,4,500000,4,63,252,4,596.79,139600.0
synthetic_model/7/nancy_2020-07-01_2633826.zip,dgemm_synthetic_shrinked-4_heterogeneous_id-4.yaml,4,100000,4,63,252,4,12.65,52690.0
synthetic_model/7/nancy_2020-07-01_2633826.zip,dgemm_synthetic_shrinked-4_heterogeneous_id-4.yaml,4,200000,4,63,252,4,53.56,99580.0
synthetic_model/7/nancy_2020-07-01_2633826.zip,dgemm_synthetic_shrinked-4_heterogeneous_id-4.yaml,4,400000,4,63,252,4,327.01,130500.0
synthetic_model/7/nancy_2020-07-01_2633901.zip,dgemm_synthetic_shrinked-8_heterogeneous_id-0.yaml,0,300000,4,62,248,8,156.54,115000.0
synthetic_model/7/nancy_2020-07-01_2633901.zip,dgemm_synthetic_shrinked-8_heterogeneous_id-0.yaml,0,500000,4,62,248,8,593.05,140500.0
synthetic_model/7/nancy_2020-07-01_2633901.zip,dgemm_synthetic_shrinked-8_heterogeneous_id-0.yaml,0,100000,4,62,248,8,12.65,52710.0
synthetic_model/7/nancy_2020-07-01_2633901.zip,dgemm_synthetic_shrinked-8_heterogeneous_id-0.yaml,0,200000,4,62,248,8,54.33,98170.0
synthetic_model/7/nancy_2020-07-01_2633901.zip,dgemm_synthetic_shrinked-8_heterogeneous_id-0.yaml,0,400000,4,62,248,8,328.9,129700.0
synthetic_model/7/nancy_2020-07-01_2633835.zip,dgemm_synthetic_shrinked-6_heterogeneous_id-2.yaml,2,300000,5,50,250,6,154.45,116500.0
synthetic_model/7/nancy_2020-07-01_2633835.zip,dgemm_synthetic_shrinked-6_heterogeneous_id-2.yaml,2,500000,5,50,250,6,588.83,141500.0
synthetic_model/7/nancy_2020-07-01_2633835.zip,dgemm_synthetic_shrinked-6_heterogeneous_id-2.yaml,2,100000,5,50,250,6,12.24,54460.0
synthetic_model/7/nancy_2020-07-01_2633835.zip,dgemm_synthetic_shrinked-6_heterogeneous_id-2.yaml,2,200000,5,50,250,6,56.86,93800.0
synthetic_model/7/nancy_2020-07-01_2633835.zip,dgemm_synthetic_shrinked-6_heterogeneous_id-2.yaml,2,400000,5,50,250,6,329.79,129400.0
synthetic_model/7/nancy_2020-07-01_2633834.zip,dgemm_synthetic_shrinked-6_heterogeneous_id-1.yaml,1,300000,5,50,250,6,156.19,115200.0
synthetic_model/7/nancy_2020-07-01_2633834.zip,dgemm_synthetic_shrinked-6_heterogeneous_id-1.yaml,1,500000,5,50,250,6,612.57,136000.0
synthetic_model/7/nancy_2020-07-01_2633834.zip,dgemm_synthetic_shrinked-6_heterogeneous_id-1.yaml,1,100000,5,50,250,6,12.25,54440.0
synthetic_model/7/nancy_2020-07-01_2633834.zip,dgemm_synthetic_shrinked-6_heterogeneous_id-1.yaml,1,200000,5,50,250,6,56.9,93730.0
synthetic_model/7/nancy_2020-07-01_2633834.zip,dgemm_synthetic_shrinked-6_heterogeneous_id-1.yaml,1,400000,5,50,250,6,331.98,128500.0
synthetic_model/7/nancy_2020-07-01_2633804.zip,dgemm_synthetic_heterogeneous_id-6.yaml,6,300000,4,64,256,0,164.52,109400.0
synthetic_model/7/nancy_2020-07-01_2633804.zip,dgemm_synthetic_heterogeneous_id-6.yaml,6,500000,4,64,256,0,624.38,133500.0
synthetic_model/7/nancy_2020-07-01_2633804.zip,dgemm_synthetic_heterogeneous_id-6.yaml,6,100000,4,64,256,0,12.84,51910.0
synthetic_model/7/nancy_2020-07-01_2633804.zip,dgemm_synthetic_heterogeneous_id-6.yaml,6,200000,4,64,256,0,56.84,93830.0
synthetic_model/7/nancy_2020-07-01_2633804.zip,dgemm_synthetic_heterogeneous_id-6.yaml,6,400000,4,64,256,0,343.51,124200.0
synthetic_model/7/nancy_2020-07-01_2633866.zip,dgemm_synthetic_shrinked-12_heterogeneous_id-1.yaml,1,300000,4,61,244,12,158.34,113700.0
synthetic_model/7/nancy_2020-07-01_2633866.zip,dgemm_synthetic_shrinked-12_heterogeneous_id-1.yaml,1,500000,4,61,244,12,601.89,138500.0
synthetic_model/7/nancy_2020-07-01_2633866.zip,dgemm_synthetic_shrinked-12_heterogeneous_id-1.yaml,1,100000,4,61,244,12,12.69,52520.0
synthetic_model/7/nancy_2020-07-01_2633866.zip,dgemm_synthetic_shrinked-12_heterogeneous_id-1.yaml,1,200000,4,61,244,12,55.07,96850.0
synthetic_model/7/nancy_2020-07-01_2633866.zip,dgemm_synthetic_shrinked-12_heterogeneous_id-1.yaml,1,400000,4,61,244,12,335.68,127100.0
synthetic_model/7/nancy_2020-07-01_2633830.zip,dgemm_synthetic_shrinked-4_heterogeneous_id-8.yaml,8,300000,4,63,252,4,157.15,114500.0
synthetic_model/7/nancy_2020-07-01_2633830.zip,dgemm_synthetic_shrinked-4_heterogeneous_id-8.yaml,8,500000,4,63,252,4,592.1,140700.0
synthetic_model/7/nancy_2020-07-01_2633830.zip,dgemm_synthetic_shrinked-4_heterogeneous_id-8.yaml,8,100000,4,63,252,4,12.68,52580.0
synthetic_model/7/nancy_2020-07-01_2633830.zip,dgemm_synthetic_shrinked-4_heterogeneous_id-8.yaml,8,200000,4,63,252,4,53.8,99140.0
synthetic_model/7/nancy_2020-07-01_2633830.zip,dgemm_synthetic_shrinked-4_heterogeneous_id-8.yaml,8,400000,4,63,252,4,327.46,130300.0
synthetic_model/7/nancy_2020-07-01_2633878.zip,dgemm_synthetic_shrinked-12_heterogeneous_id-8.yaml,8,300000,4,61,244,12,157.23,114500.0
synthetic_model/7/nancy_2020-07-01_2633878.zip,dgemm_synthetic_shrinked-12_heterogeneous_id-8.yaml,8,500000,4,61,244,12,596.0,139800.0
synthetic_model/7/nancy_2020-07-01_2633878.zip,dgemm_synthetic_shrinked-12_heterogeneous_id-8.yaml,8,100000,4,61,244,12,12.7,52500.0
synthetic_model/7/nancy_2020-07-01_2633878.zip,dgemm_synthetic_shrinked-12_heterogeneous_id-8.yaml,8,200000,4,61,244,12,54.49,97870.0
synthetic_model/7/nancy_2020-07-01_2633878.zip,dgemm_synthetic_shrinked-12_heterogeneous_id-8.yaml,8,400000,4,61,244,12,332.41,128400.0
synthetic_model/7/nancy_2020-07-01_2633859.zip,dgemm_synthetic_shrinked-11_heterogeneous_id-5.yaml,5,300000,5,49,245,11,156.25,115200.0
synthetic_model/7/nancy_2020-07-01_2633859.zip,dgemm_synthetic_shrinked-11_heterogeneous_id-5.yaml,5,500000,5,49,245,11,592.45,140700.0
synthetic_model/7/nancy_2020-07-01_2633859.zip,dgemm_synthetic_shrinked-11_heterogeneous_id-5.yaml,5,100000,5,49,245,11,12.3,54210.0
synthetic_model/7/nancy_2020-07-01_2633859.zip,dgemm_synthetic_shrinked-11_heterogeneous_id-5.yaml,5,200000,5,49,245,11,57.16,93300.0
synthetic_model/7/nancy_2020-07-01_2633859.zip,dgemm_synthetic_shrinked-11_heterogeneous_id-5.yaml,5,400000,5,49,245,11,326.62,130600.0
synthetic_model/7/nancy_2020-07-01_2633908.zip,dgemm_synthetic_shrinked-16_heterogeneous_id-1.yaml,1,300000,4,60,240,16,158.38,113700.0
synthetic_model/7/nancy_2020-07-01_2633908.zip,dgemm_synthetic_shrinked-16_heterogeneous_id-1.yaml,1,500000,4,60,240,16,601.97,138400.0
synthetic_model/7/nancy_2020-07-01_2633908.zip,dgemm_synthetic_shrinked-16_heterogeneous_id-1.yaml,1,100000,4,60,240,16,12.77,52220.0
synthetic_model/7/nancy_2020-07-01_2633908.zip,dgemm_synthetic_shrinked-16_heterogeneous_id-1.yaml,1,200000,4,60,240,16,55.0,96980.0
synthetic_model/7/nancy_2020-07-01_2633908.zip,dgemm_synthetic_shrinked-16_heterogeneous_id-1.yaml,1,400000,4,60,240,16,332.74,128200.0
synthetic_model/7/nancy_2020-07-01_2633797.zip,dgemm_synthetic_heterogeneous_id-0.yaml,0,300000,4,64,256,0,158.53,113500.0
synthetic_model/7/nancy_2020-07-01_2633797.zip,dgemm_synthetic_heterogeneous_id-0.yaml,0,500000,4,64,256,0,601.55,138500.0
synthetic_model/7/nancy_2020-07-01_2633797.zip,dgemm_synthetic_heterogeneous_id-0.yaml,0,100000,4,64,256,0,12.68,52560.0
synthetic_model/7/nancy_2020-07-01_2633797.zip,dgemm_synthetic_heterogeneous_id-0.yaml,0,200000,4,64,256,0,53.76,99210.0
synthetic_model/7/nancy_2020-07-01_2633797.zip,dgemm_synthetic_heterogeneous_id-0.yaml,0,400000,4,64,256,0,330.74,129000.0
synthetic_model/7/nancy_2020-07-01_2633861.zip,dgemm_synthetic_shrinked-11_heterogeneous_id-7.yaml,7,300000,5,49,245,11,156.37,115100.0
synthetic_model/7/nancy_2020-07-01_2633861.zip,dgemm_synthetic_shrinked-11_heterogeneous_id-7.yaml,7,500000,5,49,245,11,598.33,139300.0
synthetic_model/7/nancy_2020-07-01_2633861.zip,dgemm_synthetic_shrinked-11_heterogeneous_id-7.yaml,7,100000,5,49,245,11,12.29,54240.0
synthetic_model/7/nancy_2020-07-01_2633861.zip,dgemm_synthetic_shrinked-11_heterogeneous_id-7.yaml,7,200000,5,49,245,11,57.15,93330.0
synthetic_model/7/nancy_2020-07-01_2633861.zip,dgemm_synthetic_shrinked-11_heterogeneous_id-7.yaml,7,400000,5,49,245,11,328.65,129800.0
synthetic_model/7/nancy_2020-07-01_2633912.zip,dgemm_synthetic_shrinked-16_heterogeneous_id-5.yaml,5,300000,4,60,240,16,156.83,114800.0
synthetic_model/7/nancy_2020-07-01_2633912.zip,dgemm_synthetic_shrinked-16_heterogeneous_id-5.yaml,5,500000,4,60,240,16,607.72,137100.0
synthetic_model/7/nancy_2020-07-01_2633912.zip,dgemm_synthetic_shrinked-16_heterogeneous_id-5.yaml,5,100000,4,60,240,16,12.75,52280.0
synthetic_model/7/nancy_2020-07-01_2633912.zip,dgemm_synthetic_shrinked-16_heterogeneous_id-5.yaml,5,200000,4,60,240,16,54.9,97160.0
synthetic_model/7/nancy_2020-07-01_2633912.zip,dgemm_synthetic_shrinked-16_heterogeneous_id-5.yaml,5,400000,4,60,240,16,341.57,124900.0
synthetic_model/7/nancy_2020-07-01_2633805.zip,dgemm_synthetic_heterogeneous_id-7.yaml,7,300000,4,64,256,0,163.68,110000.0
synthetic_model/7/nancy_2020-07-01_2633805.zip,dgemm_synthetic_heterogeneous_id-7.yaml,7,500000,4,64,256,0,629.07,132500.0
synthetic_model/7/nancy_2020-07-01_2633805.zip,dgemm_synthetic_heterogeneous_id-7.yaml,7,100000,4,64,256,0,12.94,51520.0
synthetic_model/7/nancy_2020-07-01_2633805.zip,dgemm_synthetic_heterogeneous_id-7.yaml,7,200000,4,64,256,0,56.45,94480.0
synthetic_model/7/nancy_2020-07-01_2633805.zip,dgemm_synthetic_heterogeneous_id-7.yaml,7,400000,4,64,256,0,345.15,123600.0
synthetic_model/7/nancy_2020-07-01_2633833.zip,dgemm_synthetic_shrinked-6_heterogeneous_id-0.yaml,0,300000,5,50,250,6,156.44,115100.0
synthetic_model/7/nancy_2020-07-01_2633833.zip,dgemm_synthetic_shrinked-6_heterogeneous_id-0.yaml,0,500000,5,50,250,6,598.04,139300.0
synthetic_model/7/nancy_2020-07-01_2633833.zip,dgemm_synthetic_shrinked-6_heterogeneous_id-0.yaml,0,100000,5,50,250,6,12.18,54750.0
synthetic_model/7/nancy_2020-07-01_2633833.zip,dgemm_synthetic_shrinked-6_heterogeneous_id-0.yaml,0,200000,5,50,250,6,56.51,94380.0
synthetic_model/7/nancy_2020-07-01_2633833.zip,dgemm_synthetic_shrinked-6_heterogeneous_id-0.yaml,0,400000,5,50,250,6,328.67,129800.0
synthetic_model/7/nancy_2020-07-01_2634254.zip,dgemm_synthetic_shrinked-4_heterogeneous_id-7.yaml,7,300000,4,63,252,4,160.28,112300.0
synthetic_model/7/nancy_2020-07-01_2634254.zip,dgemm_synthetic_shrinked-4_heterogeneous_id-7.yaml,7,500000,4,63,252,4,607.73,137100.0
synthetic_model/7/nancy_2020-07-01_2634254.zip,dgemm_synthetic_shrinked-4_heterogeneous_id-7.yaml,7,100000,4,63,252,4,12.98,51380.0
synthetic_model/7/nancy_2020-07-01_2634254.zip,dgemm_synthetic_shrinked-4_heterogeneous_id-7.yaml,7,200000,4,63,252,4,55.42,96240.0
synthetic_model/7/nancy_2020-07-01_2634254.zip,dgemm_synthetic_shrinked-4_heterogeneous_id-7.yaml,7,400000,4,63,252,4,339.51,125700.0
synthetic_model/7/nancy_2020-07-01_2633837.zip,dgemm_synthetic_shrinked-6_heterogeneous_id-4.yaml,4,300000,5,50,250,6,152.66,117900.0
synthetic_model/7/nancy_2020-07-01_2633837.zip,dgemm_synthetic_shrinked-6_heterogeneous_id-4.yaml,4,500000,5,50,250,6,589.12,141500.0
synthetic_model/7/nancy_2020-07-01_2633837.zip,dgemm_synthetic_shrinked-6_heterogeneous_id-4.yaml,4,100000,5,50,250,6,12.16,54820.0
synthetic_model/7/nancy_2020-07-01_2633837.zip,dgemm_synthetic_shrinked-6_heterogeneous_id-4.yaml,4,200000,5,50,250,6,55.81,95570.0
synthetic_model/7/nancy_2020-07-01_2633837.zip,dgemm_synthetic_shrinked-6_heterogeneous_id-4.yaml,4,400000,5,50,250,6,326.0,130900.0
synthetic_model/7/nancy_2020-07-01_2633828.zip,dgemm_synthetic_shrinked-4_heterogeneous_id-6.yaml,6,300000,4,63,252,4,160.12,112400.0
synthetic_model/7/nancy_2020-07-01_2633828.zip,dgemm_synthetic_shrinked-4_heterogeneous_id-6.yaml,6,500000,4,63,252,4,610.83,136400.0
synthetic_model/7/nancy_2020-07-01_2633828.zip,dgemm_synthetic_shrinked-4_heterogeneous_id-6.yaml,6,100000,4,63,252,4,12.8,52090.0
synthetic_model/7/nancy_2020-07-01_2633828.zip,dgemm_synthetic_shrinked-4_heterogeneous_id-6.yaml,6,200000,4,63,252,4,54.3,98220.0
synthetic_model/7/nancy_2020-07-01_2633828.zip,dgemm_synthetic_shrinked-4_heterogeneous_id-6.yaml,6,400000,4,63,252,4,333.93,127800.0
synthetic_model/7/nancy_2020-07-01_2633897.zip,dgemm_synthetic_shrinked-6_heterogeneous_id-6.yaml,6,300000,5,50,250,6,154.52,116500.0
synthetic_model/7/nancy_2020-07-01_2633897.zip,dgemm_synthetic_shrinked-6_heterogeneous_id-6.yaml,6,500000,5,50,250,6,595.35,140000.0
synthetic_model/7/nancy_2020-07-01_2633897.zip,dgemm_synthetic_shrinked-6_heterogeneous_id-6.yaml,6,100000,5,50,250,6,12.14,54930.0
synthetic_model/7/nancy_2020-07-01_2633897.zip,dgemm_synthetic_shrinked-6_heterogeneous_id-6.yaml,6,200000,5,50,250,6,56.39,94580.0
synthetic_model/7/nancy_2020-07-01_2633897.zip,dgemm_synthetic_shrinked-6_heterogeneous_id-6.yaml,6,400000,5,50,250,6,330.31,129200.0
synthetic_model/7/nancy_2020-07-01_2633856.zip,dgemm_synthetic_shrinked-11_heterogeneous_id-2.yaml,2,300000,5,49,245,11,154.02,116900.0
synthetic_model/7/nancy_2020-07-01_2633856.zip,dgemm_synthetic_shrinked-11_heterogeneous_id-2.yaml,2,500000,5,49,245,11,596.98,139600.0
synthetic_model/7/nancy_2020-07-01_2633856.zip,dgemm_synthetic_shrinked-11_heterogeneous_id-2.yaml,2,100000,5,49,245,11,12.2,54650.0
synthetic_model/7/nancy_2020-07-01_2633856.zip,dgemm_synthetic_shrinked-11_heterogeneous_id-2.yaml,2,200000,5,49,245,11,56.36,94620.0
synthetic_model/7/nancy_2020-07-01_2633856.zip,dgemm_synthetic_shrinked-11_heterogeneous_id-2.yaml,2,400000,5,49,245,11,325.07,131300.0
synthetic_model/7/nancy_2020-07-01_2633814.zip,dgemm_synthetic_shrinked-1_heterogeneous_id-5.yaml,5,300000,5,51,255,1,158.4,113600.0
synthetic_model/7/nancy_2020-07-01_2633814.zip,dgemm_synthetic_shrinked-1_heterogeneous_id-5.yaml,5,500000,5,51,255,1,616.04,135300.0
synthetic_model/7/nancy_2020-07-01_2633814.zip,dgemm_synthetic_shrinked-1_heterogeneous_id-5.yaml,5,100000,5,51,255,1,12.4,53750.0
synthetic_model/7/nancy_2020-07-01_2633814.zip,dgemm_synthetic_shrinked-1_heterogeneous_id-5.yaml,5,200000,5,51,255,1,57.9,92120.0
synthetic_model/7/nancy_2020-07-01_2633814.zip,dgemm_synthetic_shrinked-1_heterogeneous_id-5.yaml,5,400000,5,51,255,1,333.79,127800.0
synthetic_model/7/nancy_2020-07-01_2633896.zip,dgemm_synthetic_shrinked-6_heterogeneous_id-5.yaml,5,300000,5,50,250,6,154.63,116400.0
synthetic_model/7/nancy_2020-07-01_2633896.zip,dgemm_synthetic_shrinked-6_heterogeneous_id-5.yaml,5,500000,5,50,250,6,601.33,138600.0
synthetic_model/7/nancy_2020-07-01_2633896.zip,dgemm_synthetic_shrinked-6_heterogeneous_id-5.yaml,5,100000,5,50,250,6,12.18,54750.0
synthetic_model/7/nancy_2020-07-01_2633896.zip,dgemm_synthetic_shrinked-6_heterogeneous_id-5.yaml,5,200000,5,50,250,6,56.36,94630.0
synthetic_model/7/nancy_2020-07-01_2633896.zip,dgemm_synthetic_shrinked-6_heterogeneous_id-5.yaml,5,400000,5,50,250,6,329.76,129400.0
synthetic_model/7/nancy_2020-07-01_2633904.zip,dgemm_synthetic_shrinked-8_heterogeneous_id-3.yaml,3,300000,4,62,248,8,157.78,114100.0
synthetic_model/7/nancy_2020-07-01_2633904.zip,dgemm_synthetic_shrinked-8_heterogeneous_id-3.yaml,3,500000,4,62,248,8,604.09,137900.0
synthetic_model/7/nancy_2020-07-01_2633904.zip,dgemm_synthetic_shrinked-8_heterogeneous_id-3.yaml,3,100000,4,62,248,8,12.77,52210.0
synthetic_model/7/nancy_2020-07-01_2633904.zip,dgemm_synthetic_shrinked-8_heterogeneous_id-3.yaml,3,200000,4,62,248,8,54.48,97900.0
synthetic_model/7/nancy_2020-07-01_2633904.zip,dgemm_synthetic_shrinked-8_heterogeneous_id-3.yaml,3,400000,4,62,248,8,335.71,127100.0
synthetic_model/7/nancy_2020-07-01_2633854.zip,dgemm_synthetic_shrinked-11_heterogeneous_id-0.yaml,0,300000,5,49,245,11,152.94,117700.0
synthetic_model/7/nancy_2020-07-01_2633854.zip,dgemm_synthetic_shrinked-11_heterogeneous_id-0.yaml,0,500000,5,49,245,11,582.66,143000.0
synthetic_model/7/nancy_2020-07-01_2633854.zip,dgemm_synthetic_shrinked-11_heterogeneous_id-0.yaml,0,100000,5,49,245,11,12.21,54620.0
synthetic_model/7/nancy_2020-07-01_2633854.zip,dgemm_synthetic_shrinked-11_heterogeneous_id-0.yaml,0,200000,5,49,245,11,56.09,95090.0
synthetic_model/7/nancy_2020-07-01_2633854.zip,dgemm_synthetic_shrinked-11_heterogeneous_id-0.yaml,0,400000,5,49,245,11,321.59,132700.0
synthetic_model/7/nancy_2020-07-01_2633865.zip,dgemm_synthetic_shrinked-12_heterogeneous_id-0.yaml,0,300000,4,61,244,12,155.25,115900.0
synthetic_model/7/nancy_2020-07-01_2633865.zip,dgemm_synthetic_shrinked-12_heterogeneous_id-0.yaml,0,500000,4,61,244,12,590.24,141200.0
synthetic_model/7/nancy_2020-07-01_2633865.zip,dgemm_synthetic_shrinked-12_heterogeneous_id-0.yaml,0,100000,4,61,244,12,12.67,52610.0
synthetic_model/7/nancy_2020-07-01_2633865.zip,dgemm_synthetic_shrinked-12_heterogeneous_id-0.yaml,0,200000,4,61,244,12,53.7,99320.0
synthetic_model/7/nancy_2020-07-01_2633865.zip,dgemm_synthetic_shrinked-12_heterogeneous_id-0.yaml,0,400000,4,61,244,12,325.1,131200.0
synthetic_model/7/nancy_2020-07-01_2633900.zip,dgemm_synthetic_shrinked-6_heterogeneous_id-9.yaml,9,300000,5,50,250,6,149.81,120100.0
synthetic_model/7/nancy_2020-07-01_2633900.zip,dgemm_synthetic_shrinked-6_heterogeneous_id-9.yaml,9,500000,5,50,250,6,571.5,145800.0
synthetic_model/7/nancy_2020-07-01_2633900.zip,dgemm_synthetic_shrinked-6_heterogeneous_id-9.yaml,9,100000,5,50,250,6,12.03,55410.0
synthetic_model/7/nancy_2020-07-01_2633900.zip,dgemm_synthetic_shrinked-6_heterogeneous_id-9.yaml,9,200000,5,50,250,6,54.92,97100.0
synthetic_model/7/nancy_2020-07-01_2633900.zip,dgemm_synthetic_shrinked-6_heterogeneous_id-9.yaml,9,400000,5,50,250,6,314.87,135500.0
synthetic_model/7/nancy_2020-07-01_2633803.zip,dgemm_synthetic_heterogeneous_id-5.yaml,5,300000,4,64,256,0,160.86,111900.0
synthetic_model/7/nancy_2020-07-01_2633803.zip,dgemm_synthetic_heterogeneous_id-5.yaml,5,500000,4,64,256,0,626.93,132900.0
synthetic_model/7/nancy_2020-07-01_2633803.zip,dgemm_synthetic_heterogeneous_id-5.yaml,5,100000,4,64,256,0,12.92,51600.0
synthetic_model/7/nancy_2020-07-01_2633803.zip,dgemm_synthetic_heterogeneous_id-5.yaml,5,200000,4,64,256,0,55.9,95410.0
synthetic_model/7/nancy_2020-07-01_2633803.zip,dgemm_synthetic_heterogeneous_id-5.yaml,5,400000,4,64,256,0,338.98,125900.0
synthetic_model/7/nancy_2020-07-01_2633821.zip,dgemm_synthetic_shrinked-4_heterogeneous_id-0.yaml,0,300000,4,63,252,4,160.39,112200.0
synthetic_model/7/nancy_2020-07-01_2633821.zip,dgemm_synthetic_shrinked-4_heterogeneous_id-0.yaml,0,500000,4,63,252,4,600.35,138800.0
synthetic_model/7/nancy_2020-07-01_2633821.zip,dgemm_synthetic_shrinked-4_heterogeneous_id-0.yaml,0,100000,4,63,252,4,12.64,52730.0
synthetic_model/7/nancy_2020-07-01_2633821.zip,dgemm_synthetic_shrinked-4_heterogeneous_id-0.yaml,0,200000,4,63,252,4,54.91,97130.0
synthetic_model/7/nancy_2020-07-01_2633821.zip,dgemm_synthetic_shrinked-4_heterogeneous_id-0.yaml,0,400000,4,63,252,4,332.12,128500.0
synthetic_model/7/nancy_2020-07-01_2633813.zip,dgemm_synthetic_shrinked-1_heterogeneous_id-4.yaml,4,300000,5,51,255,1,153.11,117600.0
synthetic_model/7/nancy_2020-07-01_2633813.zip,dgemm_synthetic_shrinked-1_heterogeneous_id-4.yaml,4,500000,5,51,255,1,601.55,138500.0
synthetic_model/7/nancy_2020-07-01_2633813.zip,dgemm_synthetic_shrinked-1_heterogeneous_id-4.yaml,4,100000,5,51,255,1,12.12,55000.0
synthetic_model/7/nancy_2020-07-01_2633813.zip,dgemm_synthetic_shrinked-1_heterogeneous_id-4.yaml,4,200000,5,51,255,1,57.09,93410.0
synthetic_model/7/nancy_2020-07-01_2633813.zip,dgemm_synthetic_shrinked-1_heterogeneous_id-4.yaml,4,400000,5,51,255,1,327.86,130100.0
synthetic_model/7/nancy_2020-07-01_2633823.zip,dgemm_synthetic_shrinked-4_heterogeneous_id-2.yaml,2,300000,4,63,252,4,159.1,113100.0
synthetic_model/7/nancy_2020-07-01_2633823.zip,dgemm_synthetic_shrinked-4_heterogeneous_id-2.yaml,2,500000,4,63,252,4,599.22,139100.0
synthetic_model/7/nancy_2020-07-01_2633823.zip,dgemm_synthetic_shrinked-4_heterogeneous_id-2.yaml,2,100000,4,63,252,4,12.71,52450.0
synthetic_model/7/nancy_2020-07-01_2633823.zip,dgemm_synthetic_shrinked-4_heterogeneous_id-2.yaml,2,200000,4,63,252,4,55.23,96570.0
synthetic_model/7/nancy_2020-07-01_2633823.zip,dgemm_synthetic_shrinked-4_heterogeneous_id-2.yaml,2,400000,4,63,252,4,331.26,128800.0
synthetic_model/7/nancy_2020-07-01_2633906.zip,dgemm_synthetic_shrinked-8_heterogeneous_id-5.yaml,5,300000,4,62,248,8,161.25,111600.0
synthetic_model/7/nancy_2020-07-01_2633906.zip,dgemm_synthetic_shrinked-8_heterogeneous_id-5.yaml,5,500000,4,62,248,8,602.32,138400.0
synthetic_model/7/nancy_2020-07-01_2633906.zip,dgemm_synthetic_shrinked-8_heterogeneous_id-5.yaml,5,100000,4,62,248,8,12.69,52560.0
synthetic_model/7/nancy_2020-07-01_2633906.zip,dgemm_synthetic_shrinked-8_heterogeneous_id-5.yaml,5,200000,4,62,248,8,54.93,97090.0
synthetic_model/7/nancy_2020-07-01_2633906.zip,dgemm_synthetic_shrinked-8_heterogeneous_id-5.yaml,5,400000,4,62,248,8,337.73,126300.0
synthetic_model/7/nancy_2020-07-01_2633869.zip,dgemm_synthetic_shrinked-12_heterogeneous_id-3.yaml,3,300000,4,61,244,12,159.11,113100.0
synthetic_model/7/nancy_2020-07-01_2633869.zip,dgemm_synthetic_shrinked-12_heterogeneous_id-3.yaml,3,500000,4,61,244,12,604.74,137800.0
synthetic_model/7/nancy_2020-07-01_2633869.zip,dgemm_synthetic_shrinked-12_heterogeneous_id-3.yaml,3,100000,4,61,244,12,12.77,52200.0
synthetic_model/7/nancy_2020-07-01_2633869.zip,dgemm_synthetic_shrinked-12_heterogeneous_id-3.yaml,3,200000,4,61,244,12,54.67,97560.0
synthetic_model/7/nancy_2020-07-01_2633869.zip,dgemm_synthetic_shrinked-12_heterogeneous_id-3.yaml,3,400000,4,61,244,12,332.82,128200.0
synthetic_model/7/nancy_2020-07-01_2633851.zip,dgemm_synthetic_shrinked-8_heterogeneous_id-8.yaml,8,300000,4,62,248,8,156.42,115100.0
synthetic_model/7/nancy_2020-07-01_2633851.zip,dgemm_synthetic_shrinked-8_heterogeneous_id-8.yaml,8,500000,4,62,248,8,593.92,140300.0
synthetic_model/7/nancy_2020-07-01_2633851.zip,dgemm_synthetic_shrinked-8_heterogeneous_id-8.yaml,8,100000,4,62,248,8,12.64,52740.0
synthetic_model/7/nancy_2020-07-01_2633851.zip,dgemm_synthetic_shrinked-8_heterogeneous_id-8.yaml,8,200000,4,62,248,8,53.95,98860.0
synthetic_model/7/nancy_2020-07-01_2633851.zip,dgemm_synthetic_shrinked-8_heterogeneous_id-8.yaml,8,400000,4,62,248,8,327.55,130300.0
synthetic_model/7/nancy_2020-07-01_2633855.zip,dgemm_synthetic_shrinked-11_heterogeneous_id-1.yaml,1,300000,5,49,245,11,154.1,116800.0
synthetic_model/7/nancy_2020-07-01_2633855.zip,dgemm_synthetic_shrinked-11_heterogeneous_id-1.yaml,1,500000,5,49,245,11,591.86,140800.0
synthetic_model/7/nancy_2020-07-01_2633855.zip,dgemm_synthetic_shrinked-11_heterogeneous_id-1.yaml,1,100000,5,49,245,11,12.13,54980.0
synthetic_model/7/nancy_2020-07-01_2633855.zip,dgemm_synthetic_shrinked-11_heterogeneous_id-1.yaml,1,200000,5,49,245,11,56.48,94430.0
synthetic_model/7/nancy_2020-07-01_2633855.zip,dgemm_synthetic_shrinked-11_heterogeneous_id-1.yaml,1,400000,5,49,245,11,325.83,130900.0
synthetic_model/7/nancy_2020-07-01_2634255.zip,dgemm_synthetic_shrinked-4_heterogeneous_id-9.yaml,9,300000,4,63,252,4,152.29,118200.0
synthetic_model/7/nancy_2020-07-01_2634255.zip,dgemm_synthetic_shrinked-4_heterogeneous_id-9.yaml,9,500000,4,63,252,4,572.74,145500.0
synthetic_model/7/nancy_2020-07-01_2634255.zip,dgemm_synthetic_shrinked-4_heterogeneous_id-9.yaml,9,100000,4,63,252,4,12.56,53100.0
synthetic_model/7/nancy_2020-07-01_2634255.zip,dgemm_synthetic_shrinked-4_heterogeneous_id-9.yaml,9,200000,4,63,252,4,52.53,101500.0
synthetic_model/7/nancy_2020-07-01_2634255.zip,dgemm_synthetic_shrinked-4_heterogeneous_id-9.yaml,9,400000,4,63,252,4,318.13,134100.0
synthetic_model/7/nancy_2020-07-01_2633827.zip,dgemm_synthetic_shrinked-4_heterogeneous_id-5.yaml,5,300000,4,63,252,4,158.62,113500.0
synthetic_model/7/nancy_2020-07-01_2633827.zip,dgemm_synthetic_shrinked-4_heterogeneous_id-5.yaml,5,500000,4,63,252,4,614.96,135500.0
synthetic_model/7/nancy_2020-07-01_2633827.zip,dgemm_synthetic_shrinked-4_heterogeneous_id-5.yaml,5,100000,4,63,252,4,12.84,51920.0
synthetic_model/7/nancy_2020-07-01_2633827.zip,dgemm_synthetic_shrinked-4_heterogeneous_id-5.yaml,5,200000,4,63,252,4,55.0,96970.0
synthetic_model/7/nancy_2020-07-01_2633827.zip,dgemm_synthetic_shrinked-4_heterogeneous_id-5.yaml,5,400000,4,63,252,4,338.42,126100.0
synthetic_model/7/nancy_2020-07-01_2633798.zip,dgemm_synthetic_heterogeneous_id-1.yaml,1,300000,4,64,256,0,162.67,110700.0
synthetic_model/7/nancy_2020-07-01_2633798.zip,dgemm_synthetic_heterogeneous_id-1.yaml,1,500000,4,64,256,0,617.39,135000.0
synthetic_model/7/nancy_2020-07-01_2633798.zip,dgemm_synthetic_heterogeneous_id-1.yaml,1,100000,4,64,256,0,12.87,51800.0
synthetic_model/7/nancy_2020-07-01_2633798.zip,dgemm_synthetic_heterogeneous_id-1.yaml,1,200000,4,64,256,0,56.18,94930.0
synthetic_model/7/nancy_2020-07-01_2633798.zip,dgemm_synthetic_heterogeneous_id-1.yaml,1,400000,4,64,256,0,340.09,125500.0
synthetic_model/7/nancy_2020-07-01_2633914.zip,dgemm_synthetic_shrinked-16_heterogeneous_id-7.yaml,7,300000,4,60,240,16,158.73,113400.0
synthetic_model/7/nancy_2020-07-01_2633914.zip,dgemm_synthetic_shrinked-16_heterogeneous_id-7.yaml,7,500000,4,60,240,16,605.26,137700.0
synthetic_model/7/nancy_2020-07-01_2633914.zip,dgemm_synthetic_shrinked-16_heterogeneous_id-7.yaml,7,100000,4,60,240,16,12.82,51980.0
synthetic_model/7/nancy_2020-07-01_2633914.zip,dgemm_synthetic_shrinked-16_heterogeneous_id-7.yaml,7,200000,4,60,240,16,54.98,97000.0
synthetic_model/7/nancy_2020-07-01_2633914.zip,dgemm_synthetic_shrinked-16_heterogeneous_id-7.yaml,7,400000,4,60,240,16,332.52,128300.0
synthetic_model/7/nancy_2020-07-01_2633881.zip,dgemm_synthetic_shrinked-16_heterogeneous_id-0.yaml,0,300000,4,60,240,16,156.36,115100.0
synthetic_model/7/nancy_2020-07-01_2633881.zip,dgemm_synthetic_shrinked-16_heterogeneous_id-0.yaml,0,500000,4,60,240,16,594.0,140300.0
synthetic_model/7/nancy_2020-07-01_2633881.zip,dgemm_synthetic_shrinked-16_heterogeneous_id-0.yaml,0,100000,4,60,240,16,12.76,52240.0
synthetic_model/7/nancy_2020-07-01_2633881.zip,dgemm_synthetic_shrinked-16_heterogeneous_id-0.yaml,0,200000,4,60,240,16,54.41,98020.0
synthetic_model/7/nancy_2020-07-01_2633881.zip,dgemm_synthetic_shrinked-16_heterogeneous_id-0.yaml,0,400000,4,60,240,16,326.49,130700.0
synthetic_model/7/nancy_2020-07-01_2633911.zip,dgemm_synthetic_shrinked-16_heterogeneous_id-4.yaml,4,300000,4,60,240,16,155.94,115400.0
synthetic_model/7/nancy_2020-07-01_2633911.zip,dgemm_synthetic_shrinked-16_heterogeneous_id-4.yaml,4,500000,4,60,240,16,589.87,141300.0
synthetic_model/7/nancy_2020-07-01_2633911.zip,dgemm_synthetic_shrinked-16_heterogeneous_id-4.yaml,4,100000,4,60,240,16,12.75,52300.0
synthetic_model/7/nancy_2020-07-01_2633911.zip,dgemm_synthetic_shrinked-16_heterogeneous_id-4.yaml,4,200000,4,60,240,16,54.33,98170.0
synthetic_model/7/nancy_2020-07-01_2633911.zip,dgemm_synthetic_shrinked-16_heterogeneous_id-4.yaml,4,400000,4,60,240,16,325.68,131000.0
synthetic_model/7/nancy_2020-07-01_2633874.zip,dgemm_synthetic_shrinked-12_heterogeneous_id-6.yaml,6,300000,4,61,244,12,156.2,115200.0
synthetic_model/7/nancy_2020-07-01_2633874.zip,dgemm_synthetic_shrinked-12_heterogeneous_id-6.yaml,6,500000,4,61,244,12,589.44,141400.0
synthetic_model/7/nancy_2020-07-01_2633874.zip,dgemm_synthetic_shrinked-12_heterogeneous_id-6.yaml,6,100000,4,61,244,12,12.71,52440.0
synthetic_model/7/nancy_2020-07-01_2633874.zip,dgemm_synthetic_shrinked-12_heterogeneous_id-6.yaml,6,200000,4,61,244,12,53.75,99220.0
synthetic_model/7/nancy_2020-07-01_2633874.zip,dgemm_synthetic_shrinked-12_heterogeneous_id-6.yaml,6,400000,4,61,244,12,326.46,130700.0
synthetic_model/7/nancy_2020-07-01_2633870.zip,dgemm_synthetic_shrinked-12_heterogeneous_id-4.yaml,4,300000,4,61,244,12,155.04,116100.0
synthetic_model/7/nancy_2020-07-01_2633870.zip,dgemm_synthetic_shrinked-12_heterogeneous_id-4.yaml,4,500000,4,61,244,12,588.77,141500.0
synthetic_model/7/nancy_2020-07-01_2633870.zip,dgemm_synthetic_shrinked-12_heterogeneous_id-4.yaml,4,100000,4,61,244,12,12.61,52880.0
synthetic_model/7/nancy_2020-07-01_2633870.zip,dgemm_synthetic_shrinked-12_heterogeneous_id-4.yaml,4,200000,4,61,244,12,53.52,99650.0
synthetic_model/7/nancy_2020-07-01_2633870.zip,dgemm_synthetic_shrinked-12_heterogeneous_id-4.yaml,4,400000,4,61,244,12,324.87,131300.0
synthetic_model/7/nancy_2020-07-01_2633909.zip,dgemm_synthetic_shrinked-16_heterogeneous_id-2.yaml,2,300000,4,60,240,16,157.25,114500.0
synthetic_model/7/nancy_2020-07-01_2633909.zip,dgemm_synthetic_shrinked-16_heterogeneous_id-2.yaml,2,500000,4,60,240,16,595.69,139900.0
synthetic_model/7/nancy_2020-07-01_2633909.zip,dgemm_synthetic_shrinked-16_heterogeneous_id-2.yaml,2,100000,4,60,240,16,12.76,52230.0
synthetic_model/7/nancy_2020-07-01_2633909.zip,dgemm_synthetic_shrinked-16_heterogeneous_id-2.yaml,2,200000,4,60,240,16,54.32,98180.0
synthetic_model/7/nancy_2020-07-01_2633909.zip,dgemm_synthetic_shrinked-16_heterogeneous_id-2.yaml,2,400000,4,60,240,16,330.92,128900.0
synthetic_model/7/nancy_2020-07-01_2633903.zip,dgemm_synthetic_shrinked-8_heterogeneous_id-2.yaml,2,300000,4,62,248,8,156.33,115100.0
synthetic_model/7/nancy_2020-07-01_2633903.zip,dgemm_synthetic_shrinked-8_heterogeneous_id-2.yaml,2,500000,4,62,248,8,600.82,138700.0
synthetic_model/7/nancy_2020-07-01_2633903.zip,dgemm_synthetic_shrinked-8_heterogeneous_id-2.yaml,2,100000,4,62,248,8,12.67,52630.0
synthetic_model/7/nancy_2020-07-01_2633903.zip,dgemm_synthetic_shrinked-8_heterogeneous_id-2.yaml,2,200000,4,62,248,8,54.09,98600.0
synthetic_model/7/nancy_2020-07-01_2633903.zip,dgemm_synthetic_shrinked-8_heterogeneous_id-2.yaml,2,400000,4,62,248,8,328.48,129900.0
synthetic_model/7/nancy_2020-07-01_2633815.zip,dgemm_synthetic_shrinked-1_heterogeneous_id-6.yaml,6,300000,5,51,255,1,159.65,112700.0
synthetic_model/7/nancy_2020-07-01_2633815.zip,dgemm_synthetic_shrinked-1_heterogeneous_id-6.yaml,6,500000,5,51,255,1,611.61,136300.0
synthetic_model/7/nancy_2020-07-01_2633815.zip,dgemm_synthetic_shrinked-1_heterogeneous_id-6.yaml,6,100000,5,51,255,1,12.4,53760.0
synthetic_model/7/nancy_2020-07-01_2633815.zip,dgemm_synthetic_shrinked-1_heterogeneous_id-6.yaml,6,200000,5,51,255,1,57.89,92130.0
synthetic_model/7/nancy_2020-07-01_2633815.zip,dgemm_synthetic_shrinked-1_heterogeneous_id-6.yaml,6,400000,5,51,255,1,330.08,129300.0
synthetic_model/7/nancy_2020-07-01_2633913.zip,dgemm_synthetic_shrinked-16_heterogeneous_id-6.yaml,6,300000,4,60,240,16,156.21,115200.0
synthetic_model/7/nancy_2020-07-01_2633913.zip,dgemm_synthetic_shrinked-16_heterogeneous_id-6.yaml,6,500000,4,60,240,16,592.34,140700.0
synthetic_model/7/nancy_2020-07-01_2633913.zip,dgemm_synthetic_shrinked-16_heterogeneous_id-6.yaml,6,100000,4,60,240,16,12.74,52310.0
synthetic_model/7/nancy_2020-07-01_2633913.zip,dgemm_synthetic_shrinked-16_heterogeneous_id-6.yaml,6,200000,4,60,240,16,54.37,98090.0
synthetic_model/7/nancy_2020-07-01_2633913.zip,dgemm_synthetic_shrinked-16_heterogeneous_id-6.yaml,6,400000,4,60,240,16,327.05,130500.0
synthetic_model/7/nancy_2020-07-01_2633812.zip,dgemm_synthetic_shrinked-1_heterogeneous_id-3.yaml,3,300000,5,51,255,1,154.65,116400.0
synthetic_model/7/nancy_2020-07-01_2633812.zip,dgemm_synthetic_shrinked-1_heterogeneous_id-3.yaml,3,500000,5,51,255,1,603.99,138000.0
synthetic_model/7/nancy_2020-07-01_2633812.zip,dgemm_synthetic_shrinked-1_heterogeneous_id-3.yaml,3,100000,5,51,255,1,12.23,54510.0
synthetic_model/7/nancy_2020-07-01_2633812.zip,dgemm_synthetic_shrinked-1_heterogeneous_id-3.yaml,3,200000,5,51,255,1,57.52,92720.0
synthetic_model/7/nancy_2020-07-01_2633812.zip,dgemm_synthetic_shrinked-1_heterogeneous_id-3.yaml,3,400000,5,51,255,1,331.7,128600.0
synthetic_model/7/nancy_2020-07-01_2633816.zip,dgemm_synthetic_shrinked-1_heterogeneous_id-7.yaml,7,300000,5,51,255,1,157.88,114000.0
synthetic_model/7/nancy_2020-07-01_2633816.zip,dgemm_synthetic_shrinked-1_heterogeneous_id-7.yaml,7,500000,5,51,255,1,617.07,135000.0
synthetic_model/7/nancy_2020-07-01_2633816.zip,dgemm_synthetic_shrinked-1_heterogeneous_id-7.yaml,7,100000,5,51,255,1,12.34,54040.0
synthetic_model/7/nancy_2020-07-01_2633816.zip,dgemm_synthetic_shrinked-1_heterogeneous_id-7.yaml,7,200000,5,51,255,1,57.52,92720.0
synthetic_model/7/nancy_2020-07-01_2633816.zip,dgemm_synthetic_shrinked-1_heterogeneous_id-7.yaml,7,400000,5,51,255,1,336.32,126900.0
synthetic_model/7/nancy_2020-07-01_2633902.zip,dgemm_synthetic_shrinked-8_heterogeneous_id-1.yaml,1,300000,4,62,248,8,157.9,114000.0
synthetic_model/7/nancy_2020-07-01_2633902.zip,dgemm_synthetic_shrinked-8_heterogeneous_id-1.yaml,1,500000,4,62,248,8,604.82,137800.0
synthetic_model/7/nancy_2020-07-01_2633902.zip,dgemm_synthetic_shrinked-8_heterogeneous_id-1.yaml,1,100000,4,62,248,8,12.75,52300.0
synthetic_model/7/nancy_2020-07-01_2633902.zip,dgemm_synthetic_shrinked-8_heterogeneous_id-1.yaml,1,200000,4,62,248,8,54.14,98510.0
synthetic_model/7/nancy_2020-07-01_2633902.zip,dgemm_synthetic_shrinked-8_heterogeneous_id-1.yaml,1,400000,4,62,248,8,331.74,128600.0
synthetic_model/7/nancy_2020-07-01_2633915.zip,dgemm_synthetic_shrinked-16_heterogeneous_id-8.yaml,8,300000,4,60,240,16,157.72,114100.0
synthetic_model/7/nancy_2020-07-01_2633915.zip,dgemm_synthetic_shrinked-16_heterogeneous_id-8.yaml,8,500000,4,60,240,16,591.73,140800.0
synthetic_model/7/nancy_2020-07-01_2633915.zip,dgemm_synthetic_shrinked-16_heterogeneous_id-8.yaml,8,100000,4,60,240,16,12.72,52410.0
synthetic_model/7/nancy_2020-07-01_2633915.zip,dgemm_synthetic_shrinked-16_heterogeneous_id-8.yaml,8,200000,4,60,240,16,54.49,97880.0
synthetic_model/7/nancy_2020-07-01_2633915.zip,dgemm_synthetic_shrinked-16_heterogeneous_id-8.yaml,8,400000,4,60,240,16,329.06,129700.0
synthetic_model/7/nancy_2020-07-01_2633857.zip,dgemm_synthetic_shrinked-11_heterogeneous_id-3.yaml,3,300000,5,49,245,11,156.47,115000.0
synthetic_model/7/nancy_2020-07-01_2633857.zip,dgemm_synthetic_shrinked-11_heterogeneous_id-3.yaml,3,500000,5,49,245,11,607.12,137300.0
synthetic_model/7/nancy_2020-07-01_2633857.zip,dgemm_synthetic_shrinked-11_heterogeneous_id-3.yaml,3,100000,5,49,245,11,12.28,54300.0
synthetic_model/7/nancy_2020-07-01_2633857.zip,dgemm_synthetic_shrinked-11_heterogeneous_id-3.yaml,3,200000,5,49,245,11,57.18,93280.0
synthetic_model/7/nancy_2020-07-01_2633857.zip,dgemm_synthetic_shrinked-11_heterogeneous_id-3.yaml,3,400000,5,49,245,11,333.94,127800.0
synthetic_model/7/nancy_2020-07-01_2633858.zip,dgemm_synthetic_shrinked-11_heterogeneous_id-4.yaml,4,300000,5,49,245,11,151.94,118500.0
synthetic_model/7/nancy_2020-07-01_2633858.zip,dgemm_synthetic_shrinked-11_heterogeneous_id-4.yaml,4,500000,5,49,245,11,584.15,142700.0
synthetic_model/7/nancy_2020-07-01_2633858.zip,dgemm_synthetic_shrinked-11_heterogeneous_id-4.yaml,4,100000,5,49,245,11,12.05,55310.0
synthetic_model/7/nancy_2020-07-01_2633858.zip,dgemm_synthetic_shrinked-11_heterogeneous_id-4.yaml,4,200000,5,49,245,11,55.72,95720.0
synthetic_model/7/nancy_2020-07-01_2633858.zip,dgemm_synthetic_shrinked-11_heterogeneous_id-4.yaml,4,400000,5,49,245,11,320.7,133000.0
synthetic_model/7/nancy_2020-07-01_2633807.zip,dgemm_synthetic_heterogeneous_id-9.yaml,9,300000,4,64,256,0,155.69,115600.0
synthetic_model/7/nancy_2020-07-01_2633807.zip,dgemm_synthetic_heterogeneous_id-9.yaml,9,500000,4,64,256,0,587.95,141700.0
synthetic_model/7/nancy_2020-07-01_2633807.zip,dgemm_synthetic_heterogeneous_id-9.yaml,9,100000,4,64,256,0,12.56,53070.0
synthetic_model/7/nancy_2020-07-01_2633807.zip,dgemm_synthetic_heterogeneous_id-9.yaml,9,200000,4,64,256,0,53.57,99550.0
synthetic_model/7/nancy_2020-07-01_2633807.zip,dgemm_synthetic_heterogeneous_id-9.yaml,9,400000,4,64,256,0,324.17,131600.0
synthetic_model/7/nancy_2020-07-01_2633824.zip,dgemm_synthetic_shrinked-4_heterogeneous_id-3.yaml,3,300000,4,63,252,4,159.25,113000.0
synthetic_model/7/nancy_2020-07-01_2633824.zip,dgemm_synthetic_shrinked-4_heterogeneous_id-3.yaml,3,500000,4,63,252,4,606.47,137400.0
synthetic_model/7/nancy_2020-07-01_2633824.zip,dgemm_synthetic_shrinked-4_heterogeneous_id-3.yaml,3,100000,4,63,252,4,12.73,52370.0
synthetic_model/7/nancy_2020-07-01_2633824.zip,dgemm_synthetic_shrinked-4_heterogeneous_id-3.yaml,3,200000,4,63,252,4,53.97,98820.0
synthetic_model/7/nancy_2020-07-01_2633824.zip,dgemm_synthetic_shrinked-4_heterogeneous_id-3.yaml,3,400000,4,63,252,4,335.58,127100.0
synthetic_model/7/nancy_2020-07-01_2633850.zip,dgemm_synthetic_shrinked-8_heterogeneous_id-7.yaml,7,300000,4,62,248,8,159.06,113200.0
synthetic_model/7/nancy_2020-07-01_2633850.zip,dgemm_synthetic_shrinked-8_heterogeneous_id-7.yaml,7,500000,4,62,248,8,597.16,139500.0
synthetic_model/7/nancy_2020-07-01_2633850.zip,dgemm_synthetic_shrinked-8_heterogeneous_id-7.yaml,7,100000,4,62,248,8,12.71,52460.0
synthetic_model/7/nancy_2020-07-01_2633850.zip,dgemm_synthetic_shrinked-8_heterogeneous_id-7.yaml,7,200000,4,62,248,8,55.45,96190.0
synthetic_model/7/nancy_2020-07-01_2633850.zip,dgemm_synthetic_shrinked-8_heterogeneous_id-7.yaml,7,400000,4,62,248,8,330.55,129100.0
synthetic_model/7/nancy_2020-07-01_2633898.zip,dgemm_synthetic_shrinked-6_heterogeneous_id-7.yaml,7,300000,5,50,250,6,154.51,116500.0
synthetic_model/7/nancy_2020-07-01_2633898.zip,dgemm_synthetic_shrinked-6_heterogeneous_id-7.yaml,7,500000,5,50,250,6,603.8,138000.0
synthetic_model/7/nancy_2020-07-01_2633898.zip,dgemm_synthetic_shrinked-6_heterogeneous_id-7.yaml,7,100000,5,50,250,6,12.27,54330.0
synthetic_model/7/nancy_2020-07-01_2633898.zip,dgemm_synthetic_shrinked-6_heterogeneous_id-7.yaml,7,200000,5,50,250,6,56.91,93710.0
synthetic_model/7/nancy_2020-07-01_2633898.zip,dgemm_synthetic_shrinked-6_heterogeneous_id-7.yaml,7,400000,5,50,250,6,327.84,130100.0
synthetic_model/7/nancy_2020-07-01_2633860.zip,dgemm_synthetic_shrinked-11_heterogeneous_id-6.yaml,6,300000,5,49,245,11,153.25,117500.0
synthetic_model/7/nancy_2020-07-01_2633860.zip,dgemm_synthetic_shrinked-11_heterogeneous_id-6.yaml,6,500000,5,49,245,11,588.81,141500.0
synthetic_model/7/nancy_2020-07-01_2633860.zip,dgemm_synthetic_shrinked-11_heterogeneous_id-6.yaml,6,100000,5,49,245,11,12.17,54790.0
synthetic_model/7/nancy_2020-07-01_2633860.zip,dgemm_synthetic_shrinked-11_heterogeneous_id-6.yaml,6,200000,5,49,245,11,56.1,95070.0
synthetic_model/7/nancy_2020-07-01_2633860.zip,dgemm_synthetic_shrinked-11_heterogeneous_id-6.yaml,6,400000,5,49,245,11,323.9,131700.0
synthetic_model/7/nancy_2020-07-01_2633806.zip,dgemm_synthetic_heterogeneous_id-8.yaml,8,300000,4,64,256,0,157.08,114600.0
synthetic_model/7/nancy_2020-07-01_2633806.zip,dgemm_synthetic_heterogeneous_id-8.yaml,8,500000,4,64,256,0,602.0,138400.0
synthetic_model/7/nancy_2020-07-01_2633806.zip,dgemm_synthetic_heterogeneous_id-8.yaml,8,100000,4,64,256,0,12.69,52530.0
synthetic_model/7/nancy_2020-07-01_2633806.zip,dgemm_synthetic_heterogeneous_id-8.yaml,8,200000,4,64,256,0,54.16,98470.0
synthetic_model/7/nancy_2020-07-01_2633806.zip,dgemm_synthetic_heterogeneous_id-8.yaml,8,400000,4,64,256,0,333.96,127800.0
synthetic_model/7/nancy_2020-07-01_2633800.zip,dgemm_synthetic_heterogeneous_id-2.yaml,2,300000,4,64,256,0,160.68,112000.0
synthetic_model/7/nancy_2020-07-01_2633800.zip,dgemm_synthetic_heterogeneous_id-2.yaml,2,500000,4,64,256,0,614.51,135600.0
synthetic_model/7/nancy_2020-07-01_2633800.zip,dgemm_synthetic_heterogeneous_id-2.yaml,2,100000,4,64,256,0,12.86,51840.0
synthetic_model/7/nancy_2020-07-01_2633800.zip,dgemm_synthetic_heterogeneous_id-2.yaml,2,200000,4,64,256,0,56.14,95000.0
synthetic_model/7/nancy_2020-07-01_2633800.zip,dgemm_synthetic_heterogeneous_id-2.yaml,2,400000,4,64,256,0,338.06,126200.0
synthetic_model/7/nancy_2020-07-01_2633836.zip,dgemm_synthetic_shrinked-6_heterogeneous_id-3.yaml,3,300000,5,50,250,6,157.37,114400.0
synthetic_model/7/nancy_2020-07-01_2633836.zip,dgemm_synthetic_shrinked-6_heterogeneous_id-3.yaml,3,500000,5,50,250,6,595.28,140000.0
synthetic_model/7/nancy_2020-07-01_2633836.zip,dgemm_synthetic_shrinked-6_heterogeneous_id-3.yaml,3,100000,5,50,250,6,12.31,54140.0
synthetic_model/7/nancy_2020-07-01_2633836.zip,dgemm_synthetic_shrinked-6_heterogeneous_id-3.yaml,3,200000,5,50,250,6,57.38,92940.0
synthetic_model/7/nancy_2020-07-01_2633836.zip,dgemm_synthetic_shrinked-6_heterogeneous_id-3.yaml,3,400000,5,50,250,6,333.18,128100.0
synthetic_model/7/nancy_2020-07-01_2633852.zip,dgemm_synthetic_shrinked-8_heterogeneous_id-9.yaml,9,300000,4,62,248,8,151.91,118500.0
synthetic_model/7/nancy_2020-07-01_2633852.zip,dgemm_synthetic_shrinked-8_heterogeneous_id-9.yaml,9,500000,4,62,248,8,577.83,144200.0
synthetic_model/7/nancy_2020-07-01_2633852.zip,dgemm_synthetic_shrinked-8_heterogeneous_id-9.yaml,9,100000,4,62,248,8,12.55,53140.0
synthetic_model/7/nancy_2020-07-01_2633852.zip,dgemm_synthetic_shrinked-8_heterogeneous_id-9.yaml,9,200000,4,62,248,8,53.04,100600.0
synthetic_model/7/nancy_2020-07-01_2633852.zip,dgemm_synthetic_shrinked-8_heterogeneous_id-9.yaml,9,400000,4,62,248,8,319.91,133400.0
synthetic_model/7/nancy_2020-07-01_2633899.zip,dgemm_synthetic_shrinked-6_heterogeneous_id-8.yaml,8,300000,5,50,250,6,153.75,117100.0
synthetic_model/7/nancy_2020-07-01_2633899.zip,dgemm_synthetic_shrinked-6_heterogeneous_id-8.yaml,8,500000,5,50,250,6,595.51,139900.0
synthetic_model/7/nancy_2020-07-01_2633899.zip,dgemm_synthetic_shrinked-6_heterogeneous_id-8.yaml,8,100000,5,50,250,6,12.16,54810.0
synthetic_model/7/nancy_2020-07-01_2633899.zip,dgemm_synthetic_shrinked-6_heterogeneous_id-8.yaml,8,200000,5,50,250,6,55.9,95410.0
synthetic_model/7/nancy_2020-07-01_2633899.zip,dgemm_synthetic_shrinked-6_heterogeneous_id-8.yaml,8,400000,5,50,250,6,324.44,131500.0
synthetic_model/7/nancy_2020-07-01_2633916.zip,dgemm_synthetic_shrinked-16_heterogeneous_id-9.yaml,9,300000,4,60,240,16,155.76,115600.0
synthetic_model/7/nancy_2020-07-01_2633916.zip,dgemm_synthetic_shrinked-16_heterogeneous_id-9.yaml,9,500000,4,60,240,16,588.31,141700.0
synthetic_model/7/nancy_2020-07-01_2633916.zip,dgemm_synthetic_shrinked-16_heterogeneous_id-9.yaml,9,100000,4,60,240,16,12.69,52520.0
synthetic_model/7/nancy_2020-07-01_2633916.zip,dgemm_synthetic_shrinked-16_heterogeneous_id-9.yaml,9,200000,4,60,240,16,53.9,98950.0
synthetic_model/7/nancy_2020-07-01_2633916.zip,dgemm_synthetic_shrinked-16_heterogeneous_id-9.yaml,9,400000,4,60,240,16,326.37,130700.0
synthetic_model/7/nancy_2020-07-01_2633809.zip,dgemm_synthetic_shrinked-1_heterogeneous_id-0.yaml,0,300000,5,51,255,1,154.85,116200.0
synthetic_model/7/nancy_2020-07-01_2633809.zip,dgemm_synthetic_shrinked-1_heterogeneous_id-0.yaml,0,500000,5,51,255,1,588.21,141700.0
synthetic_model/7/nancy_2020-07-01_2633809.zip,dgemm_synthetic_shrinked-1_heterogeneous_id-0.yaml,0,100000,5,51,255,1,12.16,54840.0
synthetic_model/7/nancy_2020-07-01_2633809.zip,dgemm_synthetic_shrinked-1_heterogeneous_id-0.yaml,0,200000,5,51,255,1,56.7,94060.0
synthetic_model/7/nancy_2020-07-01_2633809.zip,dgemm_synthetic_shrinked-1_heterogeneous_id-0.yaml,0,400000,5,51,255,1,330.39,129100.0
synthetic_model/7/nancy_2020-07-01_2633867.zip,dgemm_synthetic_shrinked-12_heterogeneous_id-2.yaml,2,300000,4,61,244,12,155.56,115700.0
synthetic_model/7/nancy_2020-07-01_2633867.zip,dgemm_synthetic_shrinked-12_heterogeneous_id-2.yaml,2,500000,4,61,244,12,593.62,140400.0
synthetic_model/7/nancy_2020-07-01_2633867.zip,dgemm_synthetic_shrinked-12_heterogeneous_id-2.yaml,2,100000,4,61,244,12,12.7,52510.0
synthetic_model/7/nancy_2020-07-01_2633867.zip,dgemm_synthetic_shrinked-12_heterogeneous_id-2.yaml,2,200000,4,61,244,12,54.0,98760.0
synthetic_model/7/nancy_2020-07-01_2633867.zip,dgemm_synthetic_shrinked-12_heterogeneous_id-2.yaml,2,400000,4,61,244,12,326.64,130600.0
synthetic_model/7/nancy_2020-07-01_2633872.zip,dgemm_synthetic_shrinked-12_heterogeneous_id-5.yaml,5,300000,4,61,244,12,158.36,113700.0
synthetic_model/7/nancy_2020-07-01_2633872.zip,dgemm_synthetic_shrinked-12_heterogeneous_id-5.yaml,5,500000,4,61,244,12,619.29,134600.0
synthetic_model/7/nancy_2020-07-01_2633872.zip,dgemm_synthetic_shrinked-12_heterogeneous_id-5.yaml,5,100000,4,61,244,12,12.75,52310.0
synthetic_model/7/nancy_2020-07-01_2633872.zip,dgemm_synthetic_shrinked-12_heterogeneous_id-5.yaml,5,200000,4,61,244,12,54.55,97770.0
synthetic_model/7/nancy_2020-07-01_2633872.zip,dgemm_synthetic_shrinked-12_heterogeneous_id-5.yaml,5,400000,4,61,244,12,328.25,130000.0
synthetic_model/7/nancy_2020-07-01_2633811.zip,dgemm_synthetic_shrinked-1_heterogeneous_id-2.yaml,2,300000,5,51,255,1,158.19,113800.0
synthetic_model/7/nancy_2020-07-01_2633811.zip,dgemm_synthetic_shrinked-1_heterogeneous_id-2.yaml,2,500000,5,51,255,1,612.97,136000.0
synthetic_model/7/nancy_2020-07-01_2633811.zip,dgemm_synthetic_shrinked-1_heterogeneous_id-2.yaml,2,100000,5,51,255,1,12.17,54780.0
synthetic_model/7/nancy_2020-07-01_2633811.zip,dgemm_synthetic_shrinked-1_heterogeneous_id-2.yaml,2,200000,5,51,255,1,57.08,93450.0
synthetic_model/7/nancy_2020-07-01_2633811.zip,dgemm_synthetic_shrinked-1_heterogeneous_id-2.yaml,2,400000,5,51,255,1,343.94,124100.0
synthetic_model/7/nancy_2020-07-01_2633907.zip,dgemm_synthetic_shrinked-8_heterogeneous_id-6.yaml,6,300000,4,62,248,8,155.5,115800.0
synthetic_model/7/nancy_2020-07-01_2633907.zip,dgemm_synthetic_shrinked-8_heterogeneous_id-6.yaml,6,500000,4,62,248,8,593.0,140500.0
synthetic_model/7/nancy_2020-07-01_2633907.zip,dgemm_synthetic_shrinked-8_heterogeneous_id-6.yaml,6,100000,4,62,248,8,12.72,52390.0
synthetic_model/7/nancy_2020-07-01_2633907.zip,dgemm_synthetic_shrinked-8_heterogeneous_id-6.yaml,6,200000,4,62,248,8,53.5,99690.0
synthetic_model/7/nancy_2020-07-01_2633907.zip,dgemm_synthetic_shrinked-8_heterogeneous_id-6.yaml,6,400000,4,62,248,8,328.32,130000.0
synthetic_model/7/nancy_2020-07-01_2633877.zip,dgemm_synthetic_shrinked-12_heterogeneous_id-7.yaml,7,300000,4,61,244,12,157.88,114000.0
synthetic_model/7/nancy_2020-07-01_2633877.zip,dgemm_synthetic_shrinked-12_heterogeneous_id-7.yaml,7,500000,4,61,244,12,606.46,137400.0
synthetic_model/7/nancy_2020-07-01_2633877.zip,dgemm_synthetic_shrinked-12_heterogeneous_id-7.yaml,7,100000,4,61,244,12,12.67,52610.0
synthetic_model/7/nancy_2020-07-01_2633877.zip,dgemm_synthetic_shrinked-12_heterogeneous_id-7.yaml,7,200000,4,61,244,12,54.46,97930.0
synthetic_model/7/nancy_2020-07-01_2633877.zip,dgemm_synthetic_shrinked-12_heterogeneous_id-7.yaml,7,400000,4,61,244,12,333.71,127900.0
synthetic_model/7/nancy_2020-07-01_2633817.zip,dgemm_synthetic_shrinked-1_heterogeneous_id-8.yaml,8,300000,5,51,255,1,155.78,115500.0
synthetic_model/7/nancy_2020-07-01_2633817.zip,dgemm_synthetic_shrinked-1_heterogeneous_id-8.yaml,8,500000,5,51,255,1,601.46,138600.0
synthetic_model/7/nancy_2020-07-01_2633817.zip,dgemm_synthetic_shrinked-1_heterogeneous_id-8.yaml,8,100000,5,51,255,1,12.25,54420.0
synthetic_model/7/nancy_2020-07-01_2633817.zip,dgemm_synthetic_shrinked-1_heterogeneous_id-8.yaml,8,200000,5,51,255,1,56.46,94470.0
synthetic_model/7/nancy_2020-07-01_2633817.zip,dgemm_synthetic_shrinked-1_heterogeneous_id-8.yaml,8,400000,5,51,255,1,329.18,129600.0
synthetic_model/7/nancy_2020-07-01_2633810.zip,dgemm_synthetic_shrinked-1_heterogeneous_id-1.yaml,1,300000,5,51,255,1,161.3,111600.0
synthetic_model/7/nancy_2020-07-01_2633810.zip,dgemm_synthetic_shrinked-1_heterogeneous_id-1.yaml,1,500000,5,51,255,1,620.9,134200.0
synthetic_model/7/nancy_2020-07-01_2633810.zip,dgemm_synthetic_shrinked-1_heterogeneous_id-1.yaml,1,100000,5,51,255,1,12.49,53390.0
synthetic_model/7/nancy_2020-07-01_2633810.zip,dgemm_synthetic_shrinked-1_heterogeneous_id-1.yaml,1,200000,5,51,255,1,58.1,91790.0
synthetic_model/7/nancy_2020-07-01_2633810.zip,dgemm_synthetic_shrinked-1_heterogeneous_id-1.yaml,1,400000,5,51,255,1,333.81,127800.0
